Internal time (s),Coordinate time (s)
60, 59.9999999732
120, 119.9999999465
180, 179.9999999197
240, 239.9999998929
300, 299.9999998662
360, 359.9999998394
420, 419.9999998126
480, 479.9999997858
540, 539.9999997591
600, 599.9999997323
660, 659.9999997055
720, 719.9999996788
780, 779.9999996520
840, 839.9999996252
900, 899.9999995985
960, 959.9999995717
1020, 1019.9999995449
1080, 1079.9999995181
1140, 1139.9999994914
1200, 1199.9999994646
1260, 1259.9999994378
1320, 1319.9999994111
1380, 1379.9999993843
1440, 1439.9999993575
1500, 1499.9999993307
1560, 1559.9999993040
1620, 1619.9999992772
1680, 1679.9999992504
1740, 1739.9999992237
1800, 1799.9999991969
1860, 1859.9999991701
1920, 1919.9999991434
1980, 1979.9999991166
2040, 2039.9999990898
2100, 2099.9999990630
2160, 2159.9999990363
2220, 2219.9999990095
2280, 2279.9999989828
2340, 2339.9999989560
2400, 2399.9999989292
2460, 2459.9999989025
2520, 2519.9999988757
2580, 2579.9999988490
2640, 2639.9999988222
2700, 2699.9999987954
2760, 2759.9999987687
2820, 2819.9999987419
2880, 2879.9999987152
2940, 2939.9999986884
3000, 2999.9999986616
3060, 3059.9999986349
3120, 3119.9999986081
3180, 3179.9999985814
3240, 3239.9999985546
3300, 3299.9999985278
3360, 3359.9999985011
3420, 3419.9999984743
3480, 3479.9999984476
3540, 3539.9999984208
3600, 3599.9999983940
3660, 3659.9999983673
3720, 3719.9999983405
3780, 3779.9999983138
3840, 3839.9999982870
3900, 3899.9999982602
3960, 3959.9999982335
4020, 4019.9999982067
4080, 4079.9999981800
4140, 4139.9999981532
4200, 4199.9999981264
4260, 4259.9999980997
4320, 4319.9999980729
4380, 4379.9999980462
4440, 4439.9999980194
4500, 4499.9999979926
4560, 4559.9999979659
4620, 4619.9999979391
4680, 4679.9999979124
4740, 4739.9999978856
4800, 4799.9999978588
4860, 4859.9999978321
4920, 4919.9999978053
4980, 4979.9999977786
5040, 5039.9999977518
5100, 5099.9999977250
5160, 5159.9999976983
5220, 5219.9999976715
5280, 5279.9999976448
5340, 5339.9999976180
5400, 5399.9999975912
5460, 5459.9999975645
5520, 5519.9999975377
5580, 5579.9999975110
5640, 5639.9999974842
5700, 5699.9999974574
5760, 5759.9999974307
5820, 5819.9999974039
5880, 5879.9999973772
5940, 5939.9999973504
6000, 5999.9999973236
6060, 6059.9999972969
6120, 6119.9999972701
6180, 6179.9999972434
6240, 6239.9999972166
6300, 6299.9999971898
6360, 6359.9999971631
6420, 6419.9999971363
6480, 6479.9999971096
6540, 6539.9999970828
6600, 6599.9999970560
6660, 6659.9999970293
6720, 6719.9999970025
6780, 6779.9999969758
6840, 6839.9999969490
6900, 6899.9999969222
6960, 6959.9999968955
7020, 7019.9999968687
7080, 7079.9999968420
7140, 7139.9999968152
7200, 7199.9999967884
7260, 7259.9999967617
7320, 7319.9999967349
7380, 7379.9999967082
7440, 7439.9999966814
7500, 7499.9999966546
7560, 7559.9999966279
7620, 7619.9999966011
7680, 7679.9999965744
7740, 7739.9999965476
7800, 7799.9999965208
7860, 7859.9999964941
7920, 7919.9999964673
7980, 7979.9999964406
8040, 8039.9999964138
8100, 8099.9999963870
8160, 8159.9999963603
8220, 8219.9999963335
8280, 8279.9999963067
8340, 8339.9999962800
8400, 8399.9999962532
8460, 8459.9999962264
8520, 8519.9999961997
8580, 8579.9999961729
8640, 8639.9999961461
8700, 8699.9999961194
8760, 8759.9999960926
8820, 8819.9999960658
8880, 8879.9999960390
8940, 8939.9999960123
9000, 8999.9999959855
9060, 9059.9999959587
9120, 9119.9999959320
9180, 9179.9999959052
9240, 9239.9999958784
9300, 9299.9999958517
9360, 9359.9999958249
9420, 9419.9999957981
9480, 9479.9999957713
9540, 9539.9999957446
9600, 9599.9999957178
9660, 9659.9999956910
9720, 9719.9999956643
9780, 9779.9999956375
9840, 9839.9999956107
9900, 9899.9999955840
9960, 9959.9999955572
10020, 10019.9999955304
10080, 10079.9999955036
10140, 10139.9999954769
10200, 10199.9999954501
10260, 10259.9999954233
10320, 10319.9999953966
10380, 10379.9999953698
10440, 10439.9999953430
10500, 10499.9999953163
10560, 10559.9999952895
10620, 10619.9999952627
10680, 10679.9999952359
10740, 10739.9999952092
10800, 10799.9999951824
10860, 10859.9999951556
10920, 10919.9999951289
10980, 10979.9999951021
11040, 11039.9999950753
11100, 11099.9999950486
11160, 11159.9999950218
11220, 11219.9999949950
11280, 11279.9999949682
11340, 11339.9999949415
11400, 11399.9999949147
11460, 11459.9999948879
11520, 11519.9999948612
11580, 11579.9999948344
11640, 11639.9999948076
11700, 11699.9999947809
11760, 11759.9999947541
11820, 11819.9999947273
11880, 11879.9999947005
11940, 11939.9999946738
12000, 11999.9999946470
12060, 12059.9999946202
12120, 12119.9999945935
12180, 12179.9999945667
12240, 12239.9999945399
12300, 12299.9999945131
12360, 12359.9999944864
12420, 12419.9999944596
12480, 12479.9999944328
12540, 12539.9999944061
12600, 12599.9999943793
12660, 12659.9999943525
12720, 12719.9999943257
12780, 12779.9999942989
12840, 12839.9999942722
12900, 12899.9999942454
12960, 12959.9999942186
13020, 13019.9999941918
13080, 13079.9999941650
13140, 13139.9999941383
13200, 13199.9999941115
13260, 13259.9999940847
13320, 13319.9999940579
13380, 13379.9999940312
13440, 13439.9999940044
13500, 13499.9999939776
13560, 13559.9999939508
13620, 13619.9999939240
13680, 13679.9999938973
13740, 13739.9999938705
13800, 13799.9999938437
13860, 13859.9999938169
13920, 13919.9999937901
13980, 13979.9999937634
14040, 14039.9999937366
14100, 14099.9999937098
14160, 14159.9999936830
14220, 14219.9999936562
14280, 14279.9999936295
14340, 14339.9999936027
14400, 14399.9999935759
14460, 14459.9999935491
14520, 14519.9999935223
14580, 14579.9999934956
14640, 14639.9999934688
14700, 14699.9999934420
14760, 14759.9999934152
14820, 14819.9999933885
14880, 14879.9999933617
14940, 14939.9999933349
15000, 14999.9999933081
15060, 15059.9999932813
15120, 15119.9999932546
15180, 15179.9999932278
15240, 15239.9999932010
15300, 15299.9999931742
15360, 15359.9999931474
15420, 15419.9999931207
15480, 15479.9999930939
15540, 15539.9999930671
15600, 15599.9999930403
15660, 15659.9999930135
15720, 15719.9999929868
15780, 15779.9999929600
15840, 15839.9999929332
15900, 15899.9999929064
15960, 15959.9999928796
16020, 16019.9999928529
16080, 16079.9999928261
16140, 16139.9999927993
16200, 16199.9999927725
16260, 16259.9999927457
16320, 16319.9999927189
16380, 16379.9999926921
16440, 16439.9999926654
16500, 16499.9999926386
16560, 16559.9999926118
16620, 16619.9999925850
16680, 16679.9999925582
16740, 16739.9999925314
16800, 16799.9999925046
16860, 16859.9999924778
16920, 16919.9999924510
16980, 16979.9999924242
17040, 17039.9999923975
17100, 17099.9999923707
17160, 17159.9999923439
17220, 17219.9999923171
17280, 17279.9999922903
17340, 17339.9999922635
17400, 17399.9999922367
17460, 17459.9999922099
17520, 17519.9999921831
17580, 17579.9999921563
17640, 17639.9999921295
17700, 17699.9999921028
17760, 17759.9999920760
17820, 17819.9999920492
17880, 17879.9999920224
17940, 17939.9999919956
18000, 17999.9999919688
18060, 18059.9999919420
18120, 18119.9999919152
18180, 18179.9999918884
18240, 18239.9999918616
18300, 18299.9999918349
18360, 18359.9999918081
18420, 18419.9999917813
18480, 18479.9999917545
18540, 18539.9999917277
18600, 18599.9999917009
18660, 18659.9999916741
18720, 18719.9999916473
18780, 18779.9999916205
18840, 18839.9999915937
18900, 18899.9999915670
18960, 18959.9999915402
19020, 19019.9999915134
19080, 19079.9999914866
19140, 19139.9999914598
19200, 19199.9999914330
19260, 19259.9999914062
19320, 19319.9999913794
19380, 19379.9999913526
19440, 19439.9999913258
19500, 19499.9999912991
19560, 19559.9999912723
19620, 19619.9999912455
19680, 19679.9999912187
19740, 19739.9999911919
19800, 19799.9999911651
19860, 19859.9999911383
19920, 19919.9999911115
19980, 19979.9999910847
20040, 20039.9999910579
20100, 20099.9999910311
20160, 20159.9999910043
20220, 20219.9999909775
20280, 20279.9999909507
20340, 20339.9999909239
20400, 20399.9999908971
20460, 20459.9999908703
20520, 20519.9999908435
20580, 20579.9999908167
20640, 20639.9999907899
20700, 20699.9999907631
20760, 20759.9999907363
20820, 20819.9999907095
20880, 20879.9999906827
20940, 20939.9999906559
21000, 20999.9999906291
21060, 21059.9999906023
21120, 21119.9999905755
21180, 21179.9999905487
21240, 21239.9999905219
21300, 21299.9999904951
21360, 21359.9999904683
21420, 21419.9999904415
21480, 21479.9999904147
21540, 21539.9999903879
21600, 21599.9999903611
21660, 21659.9999903343
21720, 21719.9999903075
21780, 21779.9999902807
21840, 21839.9999902539
21900, 21899.9999902271
21960, 21959.9999902003
22020, 22019.9999901735
22080, 22079.9999901467
22140, 22139.9999901199
22200, 22199.9999900931
22260, 22259.9999900663
22320, 22319.9999900395
22380, 22379.9999900127
22440, 22439.9999899859
22500, 22499.9999899591
22560, 22559.9999899323
22620, 22619.9999899054
22680, 22679.9999898786
22740, 22739.9999898518
22800, 22799.9999898250
22860, 22859.9999897982
22920, 22919.9999897714
22980, 22979.9999897446
23040, 23039.9999897178
23100, 23099.9999896910
23160, 23159.9999896642
23220, 23219.9999896374
23280, 23279.9999896106
23340, 23339.9999895838
23400, 23399.9999895570
23460, 23459.9999895302
23520, 23519.9999895034
23580, 23579.9999894766
23640, 23639.9999894498
23700, 23699.9999894230
23760, 23759.9999893962
23820, 23819.9999893694
23880, 23879.9999893426
23940, 23939.9999893158
24000, 23999.9999892890
24060, 24059.9999892622
24120, 24119.9999892354
24180, 24179.9999892086
24240, 24239.9999891818
24300, 24299.9999891550
24360, 24359.9999891282
24420, 24419.9999891014
24480, 24479.9999890745
24540, 24539.9999890477
24600, 24599.9999890209
24660, 24659.9999889941
24720, 24719.9999889673
24780, 24779.9999889405
24840, 24839.9999889137
24900, 24899.9999888869
24960, 24959.9999888601
25020, 25019.9999888333
25080, 25079.9999888065
25140, 25139.9999887797
25200, 25199.9999887528
25260, 25259.9999887260
25320, 25319.9999886992
25380, 25379.9999886724
25440, 25439.9999886456
25500, 25499.9999886188
25560, 25559.9999885920
25620, 25619.9999885652
25680, 25679.9999885384
25740, 25739.9999885116
25800, 25799.9999884848
25860, 25859.9999884580
25920, 25919.9999884311
25980, 25979.9999884043
26040, 26039.9999883775
26100, 26099.9999883507
26160, 26159.9999883239
26220, 26219.9999882971
26280, 26279.9999882703
26340, 26339.9999882435
26400, 26399.9999882167
26460, 26459.9999881899
26520, 26519.9999881631
26580, 26579.9999881363
26640, 26639.9999881094
26700, 26699.9999880826
26760, 26759.9999880558
26820, 26819.9999880290
26880, 26879.9999880022
26940, 26939.9999879754
27000, 26999.9999879486
27060, 27059.9999879218
27120, 27119.9999878950
27180, 27179.9999878682
27240, 27239.9999878414
27300, 27299.9999878146
27360, 27359.9999877877
27420, 27419.9999877609
27480, 27479.9999877341
27540, 27539.9999877073
27600, 27599.9999876805
27660, 27659.9999876537
27720, 27719.9999876269
27780, 27779.9999876001
27840, 27839.9999875733
27900, 27899.9999875465
27960, 27959.9999875197
28020, 28019.9999874929
28080, 28079.9999874660
28140, 28139.9999874392
28200, 28199.9999874124
28260, 28259.9999873856
28320, 28319.9999873588
28380, 28379.9999873320
28440, 28439.9999873052
28500, 28499.9999872784
28560, 28559.9999872516
28620, 28619.9999872248
28680, 28679.9999871980
28740, 28739.9999871712
28800, 28799.9999871444
28860, 28859.9999871175
28920, 28919.9999870907
28980, 28979.9999870639
29040, 29039.9999870371
29100, 29099.9999870103
29160, 29159.9999869835
29220, 29219.9999869567
29280, 29279.9999869299
29340, 29339.9999869031
29400, 29399.9999868763
29460, 29459.9999868495
29520, 29519.9999868227
29580, 29579.9999867958
29640, 29639.9999867690
29700, 29699.9999867422
29760, 29759.9999867154
29820, 29819.9999866886
29880, 29879.9999866618
29940, 29939.9999866350
30000, 29999.9999866082
30060, 30059.9999865814
30120, 30119.9999865546
30180, 30179.9999865278
30240, 30239.9999865010
30300, 30299.9999864741
30360, 30359.9999864473
30420, 30419.9999864205
30480, 30479.9999863937
30540, 30539.9999863669
30600, 30599.9999863401
30660, 30659.9999863133
30720, 30719.9999862865
30780, 30779.9999862597
30840, 30839.9999862329
30900, 30899.9999862061
30960, 30959.9999861793
31020, 31019.9999861524
31080, 31079.9999861256
31140, 31139.9999860988
31200, 31199.9999860720
31260, 31259.9999860452
31320, 31319.9999860184
31380, 31379.9999859916
31440, 31439.9999859648
31500, 31499.9999859380
31560, 31559.9999859112
31620, 31619.9999858844
31680, 31679.9999858576
31740, 31739.9999858307
31800, 31799.9999858039
31860, 31859.9999857771
31920, 31919.9999857503
31980, 31979.9999857235
32040, 32039.9999856967
32100, 32099.9999856699
32160, 32159.9999856431
32220, 32219.9999856163
32280, 32279.9999855895
32340, 32339.9999855627
32400, 32399.9999855359
32460, 32459.9999855090
32520, 32519.9999854822
32580, 32579.9999854554
32640, 32639.9999854286
32700, 32699.9999854018
32760, 32759.9999853750
32820, 32819.9999853482
32880, 32879.9999853214
32940, 32939.9999852946
33000, 32999.9999852678
33060, 33059.9999852409
33120, 33119.9999852141
33180, 33179.9999851873
33240, 33239.9999851605
33300, 33299.9999851337
33360, 33359.9999851069
33420, 33419.9999850801
33480, 33479.9999850533
33540, 33539.9999850265
33600, 33599.9999849996
33660, 33659.9999849728
33720, 33719.9999849460
33780, 33779.9999849192
33840, 33839.9999848924
33900, 33899.9999848656
33960, 33959.9999848388
34020, 34019.9999848120
34080, 34079.9999847851
34140, 34139.9999847583
34200, 34199.9999847315
34260, 34259.9999847047
34320, 34319.9999846779
34380, 34379.9999846511
34440, 34439.9999846243
34500, 34499.9999845975
34560, 34559.9999845707
34620, 34619.9999845439
34680, 34679.9999845171
34740, 34739.9999844903
34800, 34799.9999844635
34860, 34859.9999844367
34920, 34919.9999844099
34980, 34979.9999843831
35040, 35039.9999843563
35100, 35099.9999843295
35160, 35159.9999843027
35220, 35219.9999842759
35280, 35279.9999842491
35340, 35339.9999842223
35400, 35399.9999841955
35460, 35459.9999841687
35520, 35519.9999841419
35580, 35579.9999841151
35640, 35639.9999840883
35700, 35699.9999840615
35760, 35759.9999840347
35820, 35819.9999840079
35880, 35879.9999839811
35940, 35939.9999839543
36000, 35999.9999839275
36060, 36059.9999839007
36120, 36119.9999838739
36180, 36179.9999838471
36240, 36239.9999838204
36300, 36299.9999837936
36360, 36359.9999837668
36420, 36419.9999837400
36480, 36479.9999837132
36540, 36539.9999836864
36600, 36599.9999836596
36660, 36659.9999836328
36720, 36719.9999836060
36780, 36779.9999835792
36840, 36839.9999835524
36900, 36899.9999835256
36960, 36959.9999834988
37020, 37019.9999834720
37080, 37079.9999834452
37140, 37139.9999834184
37200, 37199.9999833916
37260, 37259.9999833648
37320, 37319.9999833380
37380, 37379.9999833112
37440, 37439.9999832844
37500, 37499.9999832576
37560, 37559.9999832308
37620, 37619.9999832041
37680, 37679.9999831773
37740, 37739.9999831505
37800, 37799.9999831237
37860, 37859.9999830969
37920, 37919.9999830701
37980, 37979.9999830433
38040, 38039.9999830165
38100, 38099.9999829897
38160, 38159.9999829629
38220, 38219.9999829362
38280, 38279.9999829094
38340, 38339.9999828826
38400, 38399.9999828558
38460, 38459.9999828290
38520, 38519.9999828022
38580, 38579.9999827754
38640, 38639.9999827486
38700, 38699.9999827218
38760, 38759.9999826950
38820, 38819.9999826683
38880, 38879.9999826415
38940, 38939.9999826147
39000, 38999.9999825879
39060, 39059.9999825611
39120, 39119.9999825343
39180, 39179.9999825075
39240, 39239.9999824807
39300, 39299.9999824539
39360, 39359.9999824271
39420, 39419.9999824004
39480, 39479.9999823736
39540, 39539.9999823468
39600, 39599.9999823200
39660, 39659.9999822932
39720, 39719.9999822664
39780, 39779.9999822396
39840, 39839.9999822129
39900, 39899.9999821861
39960, 39959.9999821593
40020, 40019.9999821325
40080, 40079.9999821057
40140, 40139.9999820789
40200, 40199.9999820522
40260, 40259.9999820254
40320, 40319.9999819986
40380, 40379.9999819718
40440, 40439.9999819450
40500, 40499.9999819182
40560, 40559.9999818915
40620, 40619.9999818647
40680, 40679.9999818379
40740, 40739.9999818111
40800, 40799.9999817843
40860, 40859.9999817576
40920, 40919.9999817308
40980, 40979.9999817040
41040, 41039.9999816772
41100, 41099.9999816504
41160, 41159.9999816236
41220, 41219.9999815969
41280, 41279.9999815701
41340, 41339.9999815433
41400, 41399.9999815165
41460, 41459.9999814897
41520, 41519.9999814629
41580, 41579.9999814362
41640, 41639.9999814094
41700, 41699.9999813826
41760, 41759.9999813558
41820, 41819.9999813290
41880, 41879.9999813022
41940, 41939.9999812755
42000, 41999.9999812487
42060, 42059.9999812219
42120, 42119.9999811952
42180, 42179.9999811684
42240, 42239.9999811416
42300, 42299.9999811149
42360, 42359.9999810881
42420, 42419.9999810613
42480, 42479.9999810345
42540, 42539.9999810078
42600, 42599.9999809810
42660, 42659.9999809542
42720, 42719.9999809275
42780, 42779.9999809007
42840, 42839.9999808739
42900, 42899.9999808472
42960, 42959.9999808204
43020, 43019.9999807936
43080, 43079.9999807669
43140, 43139.9999807401
43200, 43199.9999807133
43260, 43259.9999806866
43320, 43319.9999806598
43380, 43379.9999806330
43440, 43439.9999806063
43500, 43499.9999805795
43560, 43559.9999805527
43620, 43619.9999805260
43680, 43679.9999804992
43740, 43739.9999804724
43800, 43799.9999804456
43860, 43859.9999804189
43920, 43919.9999803921
43980, 43979.9999803653
44040, 44039.9999803386
44100, 44099.9999803118
44160, 44159.9999802850
44220, 44219.9999802583
44280, 44279.9999802315
44340, 44339.9999802047
44400, 44399.9999801780
44460, 44459.9999801512
44520, 44519.9999801244
44580, 44579.9999800977
44640, 44639.9999800709
44700, 44699.9999800441
44760, 44759.9999800174
44820, 44819.9999799906
44880, 44879.9999799638
44940, 44939.9999799370
45000, 44999.9999799103
45060, 45059.9999798835
45120, 45119.9999798567
45180, 45179.9999798300
45240, 45239.9999798032
45300, 45299.9999797765
45360, 45359.9999797497
45420, 45419.9999797229
45480, 45479.9999796962
45540, 45539.9999796694
45600, 45599.9999796427
45660, 45659.9999796159
45720, 45719.9999795891
45780, 45779.9999795624
45840, 45839.9999795356
45900, 45899.9999795089
45960, 45959.9999794821
46020, 46019.9999794553
46080, 46079.9999794286
46140, 46139.9999794018
46200, 46199.9999793750
46260, 46259.9999793483
46320, 46319.9999793215
46380, 46379.9999792948
46440, 46439.9999792680
46500, 46499.9999792412
46560, 46559.9999792145
46620, 46619.9999791877
46680, 46679.9999791610
46740, 46739.9999791342
46800, 46799.9999791074
46860, 46859.9999790807
46920, 46919.9999790539
46980, 46979.9999790272
47040, 47039.9999790004
47100, 47099.9999789736
47160, 47159.9999789469
47220, 47219.9999789201
47280, 47279.9999788933
47340, 47339.9999788666
47400, 47399.9999788398
47460, 47459.9999788131
47520, 47519.9999787863
47580, 47579.9999787595
47640, 47639.9999787328
47700, 47699.9999787060
47760, 47759.9999786793
47820, 47819.9999786525
47880, 47879.9999786257
47940, 47939.9999785990
48000, 47999.9999785722
48060, 48059.9999785455
48120, 48119.9999785187
48180, 48179.9999784919
48240, 48239.9999784652
48300, 48299.9999784384
48360, 48359.9999784117
48420, 48419.9999783849
48480, 48479.9999783581
48540, 48539.9999783314
48600, 48599.9999783046
48660, 48659.9999782778
48720, 48719.9999782511
48780, 48779.9999782243
48840, 48839.9999781976
48900, 48899.9999781708
48960, 48959.9999781440
49020, 49019.9999781173
49080, 49079.9999780905
49140, 49139.9999780638
49200, 49199.9999780370
49260, 49259.9999780102
49320, 49319.9999779835
49380, 49379.9999779567
49440, 49439.9999779300
49500, 49499.9999779032
49560, 49559.9999778764
49620, 49619.9999778497
49680, 49679.9999778229
49740, 49739.9999777961
49800, 49799.9999777694
49860, 49859.9999777426
49920, 49919.9999777159
49980, 49979.9999776891
50040, 50039.9999776623
50100, 50099.9999776356
50160, 50159.9999776088
50220, 50219.9999775821
50280, 50279.9999775553
50340, 50339.9999775285
50400, 50399.9999775018
50460, 50459.9999774750
50520, 50519.9999774483
50580, 50579.9999774215
50640, 50639.9999773947
50700, 50699.9999773680
50760, 50759.9999773412
50820, 50819.9999773145
50880, 50879.9999772877
50940, 50939.9999772609
51000, 50999.9999772342
51060, 51059.9999772074
51120, 51119.9999771806
51180, 51179.9999771539
51240, 51239.9999771271
51300, 51299.9999771004
51360, 51359.9999770736
51420, 51419.9999770468
51480, 51479.9999770201
51540, 51539.9999769933
51600, 51599.9999769666
51660, 51659.9999769398
51720, 51719.9999769130
51780, 51779.9999768862
51840, 51839.9999768595
51900, 51899.9999768327
51960, 51959.9999768059
52020, 52019.9999767792
52080, 52079.9999767524
52140, 52139.9999767256
52200, 52199.9999766989
52260, 52259.9999766721
52320, 52319.9999766453
52380, 52379.9999766186
52440, 52439.9999765918
52500, 52499.9999765650
52560, 52559.9999765383
52620, 52619.9999765115
52680, 52679.9999764847
52740, 52739.9999764580
52800, 52799.9999764312
52860, 52859.9999764044
52920, 52919.9999763777
52980, 52979.9999763509
53040, 53039.9999763241
53100, 53099.9999762973
53160, 53159.9999762706
53220, 53219.9999762438
53280, 53279.9999762170
53340, 53339.9999761903
53400, 53399.9999761635
53460, 53459.9999761367
53520, 53519.9999761100
53580, 53579.9999760832
53640, 53639.9999760564
53700, 53699.9999760297
53760, 53759.9999760029
53820, 53819.9999759761
53880, 53879.9999759494
53940, 53939.9999759226
54000, 53999.9999758958
54060, 54059.9999758691
54120, 54119.9999758423
54180, 54179.9999758155
54240, 54239.9999757887
54300, 54299.9999757620
54360, 54359.9999757352
54420, 54419.9999757084
54480, 54479.9999756817
54540, 54539.9999756549
54600, 54599.9999756281
54660, 54659.9999756014
54720, 54719.9999755746
54780, 54779.9999755478
54840, 54839.9999755211
54900, 54899.9999754943
54960, 54959.9999754675
55020, 55019.9999754408
55080, 55079.9999754140
55140, 55139.9999753872
55200, 55199.9999753605
55260, 55259.9999753337
55320, 55319.9999753069
55380, 55379.9999752802
55440, 55439.9999752534
55500, 55499.9999752266
55560, 55559.9999751998
55620, 55619.9999751731
55680, 55679.9999751463
55740, 55739.9999751195
55800, 55799.9999750927
55860, 55859.9999750660
55920, 55919.9999750392
55980, 55979.9999750124
56040, 56039.9999749856
56100, 56099.9999749588
56160, 56159.9999749320
56220, 56219.9999749053
56280, 56279.9999748785
56340, 56339.9999748517
56400, 56399.9999748249
56460, 56459.9999747981
56520, 56519.9999747714
56580, 56579.9999747446
56640, 56639.9999747178
56700, 56699.9999746910
56760, 56759.9999746642
56820, 56819.9999746374
56880, 56879.9999746107
56940, 56939.9999745839
57000, 56999.9999745571
57060, 57059.9999745303
57120, 57119.9999745035
57180, 57179.9999744767
57240, 57239.9999744500
57300, 57299.9999744232
57360, 57359.9999743964
57420, 57419.9999743696
57480, 57479.9999743428
57540, 57539.9999743160
57600, 57599.9999742893
57660, 57659.9999742625
57720, 57719.9999742357
57780, 57779.9999742089
57840, 57839.9999741821
57900, 57899.9999741553
57960, 57959.9999741286
58020, 58019.9999741018
58080, 58079.9999740750
58140, 58139.9999740482
58200, 58199.9999740214
58260, 58259.9999739947
58320, 58319.9999739679
58380, 58379.9999739411
58440, 58439.9999739143
58500, 58499.9999738875
58560, 58559.9999738607
58620, 58619.9999738340
58680, 58679.9999738072
58740, 58739.9999737804
58800, 58799.9999737536
58860, 58859.9999737268
58920, 58919.9999737000
58980, 58979.9999736733
59040, 59039.9999736465
59100, 59099.9999736197
59160, 59159.9999735929
59220, 59219.9999735661
59280, 59279.9999735393
59340, 59339.9999735125
59400, 59399.9999734857
59460, 59459.9999734590
59520, 59519.9999734322
59580, 59579.9999734054
59640, 59639.9999733786
59700, 59699.9999733518
59760, 59759.9999733250
59820, 59819.9999732982
59880, 59879.9999732714
59940, 59939.9999732446
60000, 59999.9999732178
60060, 60059.9999731911
60120, 60119.9999731643
60180, 60179.9999731375
60240, 60239.9999731107
60300, 60299.9999730839
60360, 60359.9999730571
60420, 60419.9999730303
60480, 60479.9999730035
60540, 60539.9999729767
60600, 60599.9999729499
60660, 60659.9999729232
60720, 60719.9999728964
60780, 60779.9999728696
60840, 60839.9999728428
60900, 60899.9999728160
60960, 60959.9999727892
61020, 61019.9999727624
61080, 61079.9999727356
61140, 61139.9999727088
61200, 61199.9999726820
61260, 61259.9999726553
61320, 61319.9999726285
61380, 61379.9999726017
61440, 61439.9999725749
61500, 61499.9999725481
61560, 61559.9999725213
61620, 61619.9999724945
61680, 61679.9999724677
61740, 61739.9999724409
61800, 61799.9999724141
61860, 61859.9999723874
61920, 61919.9999723606
61980, 61979.9999723338
62040, 62039.9999723070
62100, 62099.9999722802
62160, 62159.9999722534
62220, 62219.9999722266
62280, 62279.9999721998
62340, 62339.9999721730
62400, 62399.9999721462
62460, 62459.9999721195
62520, 62519.9999720927
62580, 62579.9999720659
62640, 62639.9999720391
62700, 62699.9999720123
62760, 62759.9999719855
62820, 62819.9999719587
62880, 62879.9999719319
62940, 62939.9999719051
63000, 62999.9999718783
63060, 63059.9999718515
63120, 63119.9999718247
63180, 63179.9999717979
63240, 63239.9999717711
63300, 63299.9999717443
63360, 63359.9999717175
63420, 63419.9999716907
63480, 63479.9999716639
63540, 63539.9999716371
63600, 63599.9999716103
63660, 63659.9999715835
63720, 63719.9999715567
63780, 63779.9999715299
63840, 63839.9999715032
63900, 63899.9999714764
63960, 63959.9999714496
64020, 64019.9999714228
64080, 64079.9999713960
64140, 64139.9999713692
64200, 64199.9999713424
64260, 64259.9999713156
64320, 64319.9999712888
64380, 64379.9999712620
64440, 64439.9999712352
64500, 64499.9999712084
64560, 64559.9999711816
64620, 64619.9999711548
64680, 64679.9999711280
64740, 64739.9999711012
64800, 64799.9999710744
64860, 64859.9999710476
64920, 64919.9999710208
64980, 64979.9999709940
65040, 65039.9999709672
65100, 65099.9999709404
65160, 65159.9999709136
65220, 65219.9999708868
65280, 65279.9999708600
65340, 65339.9999708332
65400, 65399.9999708064
65460, 65459.9999707796
65520, 65519.9999707528
65580, 65579.9999707260
65640, 65639.9999706992
65700, 65699.9999706724
65760, 65759.9999706456
65820, 65819.9999706188
65880, 65879.9999705920
65940, 65939.9999705652
66000, 65999.9999705384
66060, 66059.9999705116
66120, 66119.9999704848
66180, 66179.9999704580
66240, 66239.9999704312
66300, 66299.9999704044
66360, 66359.9999703776
66420, 66419.9999703508
66480, 66479.9999703240
66540, 66539.9999702972
66600, 66599.9999702703
66660, 66659.9999702435
66720, 66719.9999702167
66780, 66779.9999701899
66840, 66839.9999701631
66900, 66899.9999701363
66960, 66959.9999701095
67020, 67019.9999700827
67080, 67079.9999700559
67140, 67139.9999700291
67200, 67199.9999700023
67260, 67259.9999699755
67320, 67319.9999699487
67380, 67379.9999699219
67440, 67439.9999698951
67500, 67499.9999698683
67560, 67559.9999698415
67620, 67619.9999698147
67680, 67679.9999697879
67740, 67739.9999697611
67800, 67799.9999697343
67860, 67859.9999697075
67920, 67919.9999696806
67980, 67979.9999696538
68040, 68039.9999696270
68100, 68099.9999696002
68160, 68159.9999695734
68220, 68219.9999695466
68280, 68279.9999695198
68340, 68339.9999694930
68400, 68399.9999694662
68460, 68459.9999694394
68520, 68519.9999694126
68580, 68579.9999693858
68640, 68639.9999693590
68700, 68699.9999693322
68760, 68759.9999693054
68820, 68819.9999692786
68880, 68879.9999692518
68940, 68939.9999692250
69000, 68999.9999691982
69060, 69059.9999691714
69120, 69119.9999691446
69180, 69179.9999691178
69240, 69239.9999690909
69300, 69299.9999690641
69360, 69359.9999690373
69420, 69419.9999690105
69480, 69479.9999689837
69540, 69539.9999689569
69600, 69599.9999689301
69660, 69659.9999689033
69720, 69719.9999688765
69780, 69779.9999688497
69840, 69839.9999688229
69900, 69899.9999687961
69960, 69959.9999687693
70020, 70019.9999687425
70080, 70079.9999687157
70140, 70139.9999686889
70200, 70199.9999686621
70260, 70259.9999686353
70320, 70319.9999686085
70380, 70379.9999685817
70440, 70439.9999685549
70500, 70499.9999685280
70560, 70559.9999685012
70620, 70619.9999684744
70680, 70679.9999684476
70740, 70739.9999684208
70800, 70799.9999683940
70860, 70859.9999683672
70920, 70919.9999683404
70980, 70979.9999683136
71040, 71039.9999682868
71100, 71099.9999682600
71160, 71159.9999682332
71220, 71219.9999682064
71280, 71279.9999681796
71340, 71339.9999681528
71400, 71399.9999681260
71460, 71459.9999680992
71520, 71519.9999680724
71580, 71579.9999680456
71640, 71639.9999680188
71700, 71699.9999679920
71760, 71759.9999679652
71820, 71819.9999679383
71880, 71879.9999679115
71940, 71939.9999678847
72000, 71999.9999678579
72060, 72059.9999678311
72120, 72119.9999678043
72180, 72179.9999677775
72240, 72239.9999677507
72300, 72299.9999677239
72360, 72359.9999676971
72420, 72419.9999676703
72480, 72479.9999676435
72540, 72539.9999676167
72600, 72599.9999675899
72660, 72659.9999675631
72720, 72719.9999675363
72780, 72779.9999675095
72840, 72839.9999674827
72900, 72899.9999674559
72960, 72959.9999674291
73020, 73019.9999674023
73080, 73079.9999673755
73140, 73139.9999673486
73200, 73199.9999673218
73260, 73259.9999672950
73320, 73319.9999672682
73380, 73379.9999672414
73440, 73439.9999672146
73500, 73499.9999671878
73560, 73559.9999671610
73620, 73619.9999671342
73680, 73679.9999671074
73740, 73739.9999670806
73800, 73799.9999670538
73860, 73859.9999670270
73920, 73919.9999670002
73980, 73979.9999669734
74040, 74039.9999669466
74100, 74099.9999669198
74160, 74159.9999668930
74220, 74219.9999668662
74280, 74279.9999668394
74340, 74339.9999668126
74400, 74399.9999667857
74460, 74459.9999667589
74520, 74519.9999667321
74580, 74579.9999667053
74640, 74639.9999666785
74700, 74699.9999666517
74760, 74759.9999666249
74820, 74819.9999665981
74880, 74879.9999665713
74940, 74939.9999665445
75000, 74999.9999665177
75060, 75059.9999664909
75120, 75119.9999664641
75180, 75179.9999664373
75240, 75239.9999664105
75300, 75299.9999663837
75360, 75359.9999663569
75420, 75419.9999663301
75480, 75479.9999663033
75540, 75539.9999662765
75600, 75599.9999662497
75660, 75659.9999662229
75720, 75719.9999661960
75780, 75779.9999661692
75840, 75839.9999661424
75900, 75899.9999661156
75960, 75959.9999660888
76020, 76019.9999660620
76080, 76079.9999660352
76140, 76139.9999660084
76200, 76199.9999659816
76260, 76259.9999659548
76320, 76319.9999659280
76380, 76379.9999659012
76440, 76439.9999658744
76500, 76499.9999658476
76560, 76559.9999658208
76620, 76619.9999657940
76680, 76679.9999657672
76740, 76739.9999657404
76800, 76799.9999657136
76860, 76859.9999656868
76920, 76919.9999656600
76980, 76979.9999656331
77040, 77039.9999656063
77100, 77099.9999655795
77160, 77159.9999655527
77220, 77219.9999655259
77280, 77279.9999654991
77340, 77339.9999654723
77400, 77399.9999654455
77460, 77459.9999654187
77520, 77519.9999653919
77580, 77579.9999653651
77640, 77639.9999653383
77700, 77699.9999653115
77760, 77759.9999652847
77820, 77819.9999652579
77880, 77879.9999652311
77940, 77939.9999652043
78000, 77999.9999651775
78060, 78059.9999651507
78120, 78119.9999651239
78180, 78179.9999650971
78240, 78239.9999650703
78300, 78299.9999650434
78360, 78359.9999650166
78420, 78419.9999649898
78480, 78479.9999649630
78540, 78539.9999649362
78600, 78599.9999649094
78660, 78659.9999648826
78720, 78719.9999648558
78780, 78779.9999648290
78840, 78839.9999648022
78900, 78899.9999647754
78960, 78959.9999647486
79020, 79019.9999647218
79080, 79079.9999646950
79140, 79139.9999646682
79200, 79199.9999646414
79260, 79259.9999646146
79320, 79319.9999645878
79380, 79379.9999645610
79440, 79439.9999645342
79500, 79499.9999645074
79560, 79559.9999644806
79620, 79619.9999644537
79680, 79679.9999644269
79740, 79739.9999644001
79800, 79799.9999643733
79860, 79859.9999643465
79920, 79919.9999643197
79980, 79979.9999642929
80040, 80039.9999642661
80100, 80099.9999642393
80160, 80159.9999642125
80220, 80219.9999641857
80280, 80279.9999641589
80340, 80339.9999641321
80400, 80399.9999641053
80460, 80459.9999640785
80520, 80519.9999640517
80580, 80579.9999640249
80640, 80639.9999639981
80700, 80699.9999639713
80760, 80759.9999639445
80820, 80819.9999639177
80880, 80879.9999638909
80940, 80939.9999638641
81000, 80999.9999638373
81060, 81059.9999638105
81120, 81119.9999637837
81180, 81179.9999637570
81240, 81239.9999637302
81300, 81299.9999637034
81360, 81359.9999636766
81420, 81419.9999636498
81480, 81479.9999636230
81540, 81539.9999635962
81600, 81599.9999635694
81660, 81659.9999635426
81720, 81719.9999635158
81780, 81779.9999634891
81840, 81839.9999634623
81900, 81899.9999634355
81960, 81959.9999634087
82020, 82019.9999633819
82080, 82079.9999633551
82140, 82139.9999633283
82200, 82199.9999633015
82260, 82259.9999632747
82320, 82319.9999632479
82380, 82379.9999632212
82440, 82439.9999631944
82500, 82499.9999631676
82560, 82559.9999631408
82620, 82619.9999631140
82680, 82679.9999630872
82740, 82739.9999630604
82800, 82799.9999630336
82860, 82859.9999630068
82920, 82919.9999629801
82980, 82979.9999629533
83040, 83039.9999629265
83100, 83099.9999628997
83160, 83159.9999628730
83220, 83219.9999628462
83280, 83279.9999628194
83340, 83339.9999627926
83400, 83399.9999627659
83460, 83459.9999627391
83520, 83519.9999627123
83580, 83579.9999626855
83640, 83639.9999626588
83700, 83699.9999626320
83760, 83759.9999626052
83820, 83819.9999625784
83880, 83879.9999625517
83940, 83939.9999625249
84000, 83999.9999624981
84060, 84059.9999624713
84120, 84119.9999624445
84180, 84179.9999624178
84240, 84239.9999623910
84300, 84299.9999623642
84360, 84359.9999623374
84420, 84419.9999623107
84480, 84479.9999622839
84540, 84539.9999622571
84600, 84599.9999622303
84660, 84659.9999622036
84720, 84719.9999621768
84780, 84779.9999621500
84840, 84839.9999621232
84900, 84899.9999620965
84960, 84959.9999620697
85020, 85019.9999620429
85080, 85079.9999620161
85140, 85139.9999619894
85200, 85199.9999619626
85260, 85259.9999619358
85320, 85319.9999619090
85380, 85379.9999618823
85440, 85439.9999618555
85500, 85499.9999618287
85560, 85559.9999618019
85620, 85619.9999617752
85680, 85679.9999617484
85740, 85739.9999617216
85800, 85799.9999616948
85860, 85859.9999616681
85920, 85919.9999616413
85980, 85979.9999616145
86040, 86039.9999615877
86100, 86099.9999615610
86160, 86159.9999615342
86220, 86219.9999615074
86280, 86279.9999614806
86340, 86339.9999614539
86400, 86399.9999614271
